regionCode,selectedYear,selectedNumber,requestDate,selectedDate,cancleDate,restaurantName,roadAddress,landAddress,permissionNum,businessName,reasonForCancle,mainFood,areaOfrestaurant,dongName,waterSupply
3070000,2011,1,20110930,20111114,20201124,즐겨찾기,?울?별???북??릉??37 (?릉??,?울?별???북??릉?? 853번? 7?? ,3070000-101-2011-00026,기?,부?합,?까??132,?릉????,,
3070000,2005,2,20050714,20050914,20201124,?동?우,?울?별???북??소문로13?13 (?소문동4가??1??),?울?별???북??소문동4가  248번?  ??1??,3070000-101-2004-00024,?식,부?합,?고?264,?선???수?전??,,
3070000,2015,12,20151202,20151208,20201124,?짝성북갈??울?별???북??랑?245 (?위??지???,?울?별???북??위?? 64번? 121?? 지???3070000-101-2014-00333,?식,부?합,??갈비,146.25,?위?????수?전??,,,
3070000,2018,94,20180914,20181116,20201124,?버?오(NO.85),?울?별???북??촌?8?17 2?(?암??가),?울?별???북??암??가  86번? 185?? 2?3070000-101-1998-06628,중국??부?합,중국??96,?암???수?전??,,,,
3070000,2005,2,20050714,20050914,20201124,?동?우,?울?별???북??소문로13?13 (?소문동4가??1??),?울?별???북??소문동4가  248번?  ??1??,3070000-101-2004-00024,?식,부?합,?고?142.03,?선???수?전??,,
3070000,2005,2,20050714,20050914,20201124,?동?우,?울?별???북??소문로13?13 1?(?소문동4가),?울?별???북??소문동4가  248번?  1?3070000-101-2004-00024,?식,부?합,?고?264,?북???수?전??,,,
3070000,2005,2,20050714,20050914,20201124,?동?우,?울?별???북??소문로13?13 1?(?소문동4가),?울?별???북??소문동4가  248번?  1?3070000-101-2004-00024,?식,부?합,?고?142.03,?북???수?전??,,,
3070000,2013,15,20131107,20131213,20200711,?리???울?별???북??곡?108 (?월곡동2?,?울?별???북??월곡동  35번? 5?? 2?3070000-101-2005-00052,?식,?????됨,,198,?곡?????수?전??,,,
3070000,2015,3,20151002,20151208,20200711,부?막?????두부 ?선교점,?울?별???북??선교로23?7 (?선??가(1?),?울?별???북??선??가  322번?  (1?,3070000-101-2009-00104,?식,?????됨,추어??165,?선???수?전??,,
3070000,2015,3,20151002,20151208,20200711,부?막?????두부 ?선교점,?울?별???북??선교로23?7 (?선??가(1?),?울?별???북??선??가  322번?  (1?,3070000-101-2009-00104,?식,?????됨,추어??165,?선???수?전??,,
3070000,2015,3,20151002,20151208,20200711,비단갈매??마,?울?별???북??선교로23?7 (?선??가(1?),?울?별???북??선??가  322번?  (1?,3070000-101-2009-00104,?식,?????됨,추어??165,?선???수?전??,,
3070000,2015,3,20151002,20151208,20200711,비단갈매??마,?울?별???북??선교로23?7 (?선??가(1?),?울?별???북??선??가  322번?  (1?,3070000-101-2009-00104,?식,?????됨,추어??165,?선???수?전??,,
3070000,2018,92,20180914,20181116,20200711,???카???울?별???북??북?13 (?북??가),?울?별???북??북??가  43번? 2?? ,3070000-101-2016-00186,기?,?????됨,고기,156.72,?북???수?전??,,
3070000,2018,92,20180914,20181116,20200711,???카???울?별???북??북?13 (?북??가),?울?별???북??북??가  43번? 2?? ,3070000-101-2016-00186,기?,?????됨,고기,156.72,?북???수?전??,,
3070000,2018,92,20180914,20181116,20200711,고기?잔??울?별???북??북?13 (?북??가),?울?별???북??북??가  43번? 2?? ,3070000-101-2016-00186,기?,?????됨,고기,156.72,?북???수?전??,,
3070000,2018,92,20180914,20181116,20200711,고기?잔??울?별???북??북?13 (?북??가),?울?별???북??북??가  43번? 2?? ,3070000-101-2016-00186,기?,?????됨,고기,156.72,?북???수?전??,,
3070000,2001,91,20010601,20010630,20200711,족발?시???울?별???북?보문?4?35 (?선??가),?울?별???북??선??가  47번?  ,3070000-101-1994-04136,?식,?????됨,초밥,107.76,?선???수?전??,,
3070000,2001,91,20010601,20010630,20200711,족발?시???울?별???북?보문?4?35 (?선??가),?울?별???북??선??가  47번?  ,3070000-101-1994-04136,?식,?????됨,초밥,107.76,?선???수?전??,,
3070000,2001,91,20010601,20010630,20200711,족발?시???울?별???북?보문?4?35 (?선??가),?울?별???북??선??가  47번?  ,3070000-101-1994-04136,?식,?????됨,초밥,107.76,?선???수?전??,,
3070000,2003,22,20030825,20030825,20200711,참맛??울?별???북??천?620 (?위??,?울?별???북??위?? 43번? 8?? ,3070000-101-2002-00312,?식,?????됨,?갈???갈비,148.5,?위?????수?전??,,
3070000,2012,2,20121203,20121206,20200711,?바?샤브돈?점,?울?별???북?북악?로 844 (?암??브라?스?돈???? 101??,?울?별???북??암?? 636번?  ,3070000-101-2011-00258,기?,?????됨,?브?브,168.88,?암????,
3070000,2013,9,20131104,20131223,20200711,?소면옥,?울?별???북??샘?71 (?릉???,?울?별???북??릉?? 290번? 54?? 1?3070000-101-2010-00141,?식,?????됨,???85.01,?릉?????수?전??,,,
3070000,2013,9,20131104,20131223,20200711,?소면옥,?울?별???북??샘?71 (?릉???,?울?별???북??릉?? 290번? 54?? 1?3070000-101-2010-00141,?식,?????됨,???85.01,?릉?????수?전??,,,
3070000,2013,9,20131104,20131223,20200711,?산 ?통?개???염???문???울?별???북??샘?71 (?릉???,?울?별???북??릉?? 290번? 54?? 1?3070000-101-2010-00141,?식,?????됨,???85.01,?릉?????수?전??,,,,
3070000,2013,9,20131104,20131223,20200711,?산 ?통?개???염???문???울?별???북??샘?71 (?릉???,?울?별???북??릉?? 290번? 54?? 1?3070000-101-2010-00141,?식,?????됨,???85.01,?릉?????수?전??,,,,
3070000,2013,9,20131104,20131223,20200711,기찬 ?통?개???염???문???울?별???북??샘?71 (?릉???,?울?별???북??릉?? 290번? 54?? 1?3070000-101-2010-00141,?식,?????됨,???85.01,?릉?????수?전??,,,,
3070000,2013,9,20131104,20131223,20200711,기찬 ?통?개???염???문???울?별???북??샘?71 (?릉???,?울?별???북??릉?? 290번? 54?? 1?3070000-101-2010-00141,?식,?????됨,???85.01,?릉?????수?전??,,,,
3070000,2018,91,20180914,20181116,20200711,명동칼국???울?별???북??촌??87 1?(?선??가),?울?별???북??선??가  399번?  ,3070000-101-2017-00129,?식,?????됨,칼국??56.77,?선??,,,
3070000,2018,91,20180914,20181116,20200711,명동칼국???울?별???북??촌??87 1?(?선??가),?울?별???북??선??가  399번?  ,3070000-101-2017-00129,?식,?????됨,칼국??56.77,?선??,,,
3070000,2014,6,20141029,20141218,20200711,?앤?드???울?별???북?보문?4?77 2?(?선??가),?울?별???북??선??가  84번? 1?? ,3070000-101-2008-00315,기?,?????됨,,141,?선???수?전??,,
3070000,2014,9,20141029,20141218,20200711,?벽가,?울?별???북??소문로17?29 (?소문동6가),?울?별???북??소문동6가  168번?  ,3070000-101-2002-00317,?식,?????됨,,59.85,?선??,
3070000,2014,9,20141029,20141218,20200711,?벽가,?울?별???북??소문로17?29 (?소문동6가),?울?별???북??소문동6가  168번?  ,3070000-101-2002-00317,?식,?????됨,,59.85,?선??,
3070000,2014,9,20141029,20141218,20200711,?벽가,?울?별???북??소문로17?29 (?소문동6가),?울?별???북??소문동6가  168번?  ,3070000-101-2002-00317,?식,?????됨,,59.85,?선??,
3070000,2014,9,20141029,20141218,20200711,?벽가,?울?별???북??소문로17?29 (?소문동6가),?울?별???북??소문동6가  168번?  ,3070000-101-2002-00317,?식,?????됨,,59.85,?선??,
3070000,2014,9,20141029,20141218,20200711,?드???울?별???북??소문로17?29 (?소문동6가),?울?별???북??소문동6가  168번?  ,3070000-101-2002-00317,?식,?????됨,,59.85,?선??,,
3070000,2014,9,20141029,20141218,20200711,?드???울?별???북??소문로17?29 (?소문동6가),?울?별???북??소문동6가  168번?  ,3070000-101-2002-00317,?식,?????됨,,59.85,?선??,,
3070000,2014,9,20141029,20141218,20200711,?드???울?별???북??소문로17?29 (?소문동6가),?울?별???북??소문동6가  168번?  ,3070000-101-2002-00317,?식,?????됨,,59.85,?선??,,
3070000,2014,9,20141029,20141218,20200711,?드???울?별???북??소문로17?29 (?소문동6가),?울?별???북??소문동6가  168번?  ,3070000-101-2002-00317,?식,?????됨,,59.85,?선??,,
3070000,2018,87,20180914,20181116,20200711,길음???울?별???북??소문로 311-5 12?(길음??,?울?별???북?길음?? 517번? 1?? 지??2?3070000-101-2017-00191,?식,?????됨,?식,88.27,길음?????수?전??,,,
3070000,2018,87,20180914,20181116,20200711,길음???울?별???북??소문로47?12 지???(길음??,?울?별???북?길음?? 21번? 71?? ,3070000-101-2017-00191,?식,?????됨,?식,88.27,길음?????수?전??,,
3070000,2018,87,20180914,20181116,20200711,길음???울?별???북??소문로 311-5 12?(길음??,?울?별???북?길음?? 517번? 1?? 지??2?3070000-101-2017-00191,?식,?????됨,?식,88.27,길음?????수?전??,,,
3070000,2018,87,20180914,20181116,20200711,길음???울?별???북??소문로47?12 지???(길음??,?울?별???북?길음?? 21번? 71?? ,3070000-101-2017-00191,?식,?????됨,?식,88.27,길음?????수?전??,,
3070000,2018,87,20180914,20181116,20200711,광주?당,?울?별???북??소문로 311-5 12?(길음??,?울?별???북?길음?? 517번? 1?? 지??2?3070000-101-2017-00191,?식,?????됨,?식,88.27,길음?????수?전??,,
3070000,2018,87,20180914,20181116,20200711,광주?당,?울?별???북??소문로47?12 지???(길음??,?울?별???북?길음?? 21번? 71?? ,3070000-101-2017-00191,?식,?????됨,?식,88.27,길음?????수?전??,
3070000,2013,15,20131107,20131213,20200711,지?한방삼계탕(?곡??),?울?별???북??곡?108 (?월곡동2?,?울?별???북??월곡동  35번? 5?? 2?3070000-101-2005-00052,?식,?????됨,,198,?곡?????수?전??,,
3070000,2013,15,20131107,20131213,20200711,지?한방삼계탕(?곡??),?울?별???북??곡?108 (?월곡동2?,?울?별???북??월곡동  35번? 5?? 2?3070000-101-2005-00052,?식,?????됨,,198,?곡?????수?전??,,
3070000,2013,15,20131107,20131213,20200711,무쏘 ?곡??,?울?별???북??곡?108 (?월곡동2?,?울?별???북??월곡동  35번? 5?? 2?3070000-101-2005-00052,?식,?????됨,,198,?곡?????수?전??,,
3070000,2013,15,20131107,20131213,20200711,무쏘 ?곡??,?울?별???북??곡?108 (?월곡동2?,?울?별???북??월곡동  35번? 5?? 2?3070000-101-2005-00052,?식,?????됨,,198,?곡?????수?전??,,
3070000,2013,15,20131107,20131213,20200711,?리???울?별???북??곡?108 (?월곡동2?,?울?별???북??월곡동  35번? 5?? 2?3070000-101-2005-00052,?식,?????됨,,198,?곡?????수?전??,,,
3070000,2018,87,20180914,20181116,20200711,광주?당,?울?별???북??소문로 311-5 12?(길음??,?울?별???북?길음?? 517번? 1?? 지??2?3070000-101-2017-00191,?식,?????됨,?식,88.27,길음?????수?전??,,
3070000,2018,87,20180914,20181116,20200711,광주?당,?울?별???북??소문로47?12 지???(길음??,?울?별???북?길음?? 21번? 71?? ,3070000-101-2017-00191,?식,?????됨,?식,88.27,길음?????수?전??,
3070000,2014,4,20141029,20141218,20200711,콜렉?보 ?암?성???울?별???북??촌?7?6 2?(?암??가),?울?별???북??암??가  100번? 5?? 2?3070000-101-1996-02112,중국???????됨,,85.45,?암???수?전??,,,,
3070000,2014,4,20141029,20141218,20200711,콜렉?보 ?암?성???울?별???북??촌?7?6 2?(?암??가),?울?별???북??암??가  100번? 5?? 2?3070000-101-1996-02112,중국???????됨,,85.45,?암???수?전??,,,,
3070000,2014,4,20141029,20141218,20200711,?성,?울?별???북??촌?7?6 2?(?암??가),?울?별???북??암??가  100번? 5?? 2?3070000-101-1996-02112,중국???????됨,,85.45,?암???수?전??,,,
3070000,2014,4,20141029,20141218,20200711,?성,?울?별???북??촌?7?6 2?(?암??가),?울?별???북??암??가  100번? 5?? 2?3070000-101-1996-02112,중국???????됨,,85.45,?암???수?전??,,,
3070000,2012,4,20121203,20121206,20171121,?송갈비,?울?별???북?보문?185 (?선??가(지???),?울?별???북??선??가  338번? 1?? (지???,3070000-101-2009-00148,?식,?????청?기,버섯?리,187.44,?선???수?전??,
3070000,2008,813,20080701,20080829,20171121,?한마리 ?육?당 ?릉???울?별???북??릉?165 (?릉??~3?3?34??),?울?별???북??릉?? 667번? 1?? 1~3?3?34??,3070000-101-2007-00357,?식,?????기,칼국?백??402,?릉?????수?전??,,,
3070000,2013,2,20131104,20131223,20171121,SELF ?어?상,?울?별???북??릉?240 (?릉??,?울?별???북??릉?? 966번? 193?? ,3070000-101-2003-00485,?집,?????기,??갈비,260,?릉?????수?전??,
3070000,2013,2,20131104,20131223,20171121,SELF ?어?상,?울?별???북??릉?240 (?릉??,?울?별???북??릉?? 966번? 193?? ,3070000-101-2003-00485,?집,?????기,??갈비,260,?릉?????수?전??,
3070000,2015,2,20151005,20151208,20171121,?촌??울?별???북??월??길 3 (?월곡동(1?),?울?별???북??월곡동  75번? 37?? (1?,3070000-101-2009-00181,?프/?닭,?????청?기,멸치?,64.35,?곡?????수?전??,,
3070000,2015,2,20151005,20151208,20171121,?촌갈비??울?별???북??월??길 3 (?월곡동(1?),?울?별???북??월곡동  75번? 37?? (1?,3070000-101-2009-00181,?프/?닭,?????청?기,멸치?,64.35,?곡?????수?전??,,
3070000,2013,2,20131104,20131223,20171121,꽃중???줏??울?별???북??릉?240 (?릉??,?울?별???북??릉?? 966번? 193?? ,3070000-101-2003-00485,?집,?????기,??갈비,260,?릉?????수?전??,,
3070000,2013,2,20131104,20131223,20171121,꽃중???줏??울?별???북??릉?240 (?릉??,?울?별???북??릉?? 966번? 193?? ,3070000-101-2003-00485,?집,?????기,??갈비,260,?릉?????수?전??,,
3070000,2010,1015,20100610,20100727,20170502,?조?드리장?순???울?별???북??패?로 22 (?월곡동),?울?별???북??월곡동  62번? 4?? ,3070000-101-2007-00346,?식,?정처분,???120.46,?곡?????수?전??,,,
3070000,2010,1015,20100610,20100727,20170502,?조?드리장?순???울?별???북??패?로 22 (?월곡동),?울?별???북??월곡동  62번? 4?? ,3070000-101-2007-00346,?식,?정처분,???120.46,?곡?????수?전??,,,
3070000,2012,5,20130121,20121206,20170228,지?한방삼계탕(미아??,?울?별???북??계?14 (?월곡동),?울?별???북??월곡동  165번?  ,3070000-101-2012-00096,?식,?정처분,?계??233.69,?곡????,,
3070000,2008,824,20080829,20080829,20161122,?수???울?별???북?보문?3?길 15 (보문??가),?울?별???북?보문??가  94번? 2?? ,3070000-101-1994-00383,?식,,?겹??89.6,보문???수?전??,,,
3070000,2008,803,20080701,20080829,20160708,조마루감?탕,?울?별???북?보문?157 (?선??가),?울?별???북??선??가  272번?  ,3070000-101-2008-00014,?식,?정처분,감자??148.5,?선???수?전??,,
3070000,2013,6,20131104,20131223,20141218,?천,?울?별???북??소문로2?51 (?소문동2가),?울?별???북??소문동2가  153번?  ,3070000-101-2007-00190,?식,???포???갈비,105.6,?선???수?전??,,
3070000,2013,6,20131104,20131223,20141218,?끈?동?요리집,?울?별???북??소문로2?51 (?소문동2가),?울?별???북??소문동2가  153번?  ,3070000-101-2007-00190,?식,???포???갈비,105.6,?선???수?전??,,
3070000,2013,6,20131104,20131223,20141218,?천,?울?별???북??소문로2?51 (?소문동2가),?울?별???북??소문동2가  153번?  ,3070000-101-2007-00190,?식,???포???갈비,105.6,?선???수?전??,,
3070000,2008,819,20080701,20080829,20141218,?번지?육?당 ?곶?점,?울?별???북??랑?254 (????,?울?별???북????? 242번? 1?? ,3070000-101-2003-00060,?식,,?불고기,128.7,?????수?전??,
3070000,2013,6,20131104,20131223,20141218,?끈?동?요리집,?울?별???북??소문로2?51 (?소문동2가),?울?별???북??소문동2가  153번?  ,3070000-101-2007-00190,?식,???포???갈비,105.6,?선???수?전??,,
3070000,2011,1,20111011,20111114,20131223,?요??울?별???북??북??15 1?(?북??가),?울?별???북??북??가  36번? 1?? ,3070000-101-1989-01083,?식,??불?,?계??33.88,?북???수?전??,,,
3070000,2011,1,20111011,20111114,20131223,?샤,?울?별???북??북??15 1?(?북??가),?울?별???북??북??가  36번? 1?? ,3070000-101-1989-01083,?식,??불?,?계??33.88,?북???수?전??,,
3070000,2011,3,20110930,20111114,20131223,?요??울?별???북??북??15 1?(?북??가),?울?별???북??북??가  36번? 1?? ,3070000-101-1989-01083,?식,??불?,?계??33.88,?북???수?전??,,,
3070000,2011,3,20110930,20111114,20131223,?샤,?울?별???북??북??15 1?(?북??가),?울?별???북??북??가  36번? 1?? ,3070000-101-1989-01083,?식,??불?,?계??33.88,?북???수?전??,,
3070000,2003,16,20030825,20030825,20131223,주식?사 ? ?카?웨?호??곰의??울?별???북?북악?로 637 (?북??114),?울?별???북??북?? ??5번? 1?? 1114,3070000-101-1969-03408,경양????불?,?테?크,317.25,?북???수?전??,,,
3070000,2006,7,20060614,20060818,20131223,?연밥상고기?밥?문???울?별???북??북??24 (?소문동1가),?울?별???북??소문동1가  35번?  ,3070000-101-2004-00224,?식,지?기준미달,??갈비,60.77,?선???수?전??,,
3070000,2010,1006,20100610,20100727,20130729,콜렉?보 ?암?성???울?별???북??촌?7?6 2?(?암??가),?울?별???북??암??가  100번? 5?? 2?3070000-101-1996-02112,중국???정처분,?장?85.45,?암???수?전??,,,,,
3070000,2010,1006,20100610,20100727,20130729,?성,?울?별???북??촌?7?6 2?(?암??가),?울?별???북??암??가  100번? 5?? 2?3070000-101-1996-02112,중국???정처분,?장?85.45,?암???수?전??,,,,
3070000,2010,1006,20100610,20100727,20130729,?성,?울?별???북??촌?7?6 2?(?암??가),?울?별???북??암??가  100번? 5?? 2?3070000-101-1996-02112,중국???정처분,?장?85.45,?암???수?전??,,,,
3070000,2010,1006,20100610,20100727,20130729,콜렉?보 ?암?성???울?별???북??촌?7?6 2?(?암??가),?울?별???북??암??가  100번? 5?? 2?3070000-101-1996-02112,중국???정처분,?장?85.45,?암???수?전??,,,,,
3070000,2001,98,20010601,20010630,20111114,(?길품?프?비(?백집서?고깃집 ?성???,?울?별???북??선교로 6-1 1?(?선??가),?울?별???북??선??가  20번?  1?3070000-101-1989-04066,?식,기?미흡(?울?위?등급평가),?구탕,56.94,?선???수?전??,,
3070000,2001,98,20010601,20010630,20111114,?백집서?고깃집(?성???,?울?별???북??선교로 6-1 1?(?선??가),?울?별???북??선??가  20번?  1?3070000-101-1989-04066,?식,기?미흡(?울?위?등급평가),?구탕,56.94,?선???수?전??,,
3070000,2004,14,20040707,20040707,20111114,구백??울?별???북??선교로16?22 (?선??가),?울?별???북??선??가  130번?  ,3070000-101-1983-02671,?식,기?미흡(?울?위?등급평가),부?찌게,73.92,?선???수?전??,,
3070000,2001,98,20010601,20010630,20111114,(?길품?프?비(?울고깃?,?울?별???북??선교로 6-1 1?(?선??가),?울?별???북??선??가  20번?  1?3070000-101-1989-04066,?식,기?미흡(?울?위?등급평가),?구탕,56.94,?선???수?전??,,
3070000,2001,98,20010601,20010630,20111114,(?길품?프?비(?백집서?고깃집 ?성???,?울?별???북??선교로 6-1 1?(?선??가),?울?별???북??선??가  20번?  1?3070000-101-1989-04066,?식,기?미흡(?울?위?등급평가),?구탕,56.94,?선???수?전??,,
3070000,2008,816,20100610,20080829,20111114,?천????울?별???북??소문로20?41 (?선??가),?울?별???북??선??가  76번?  ,3070000-101-2006-00124,?식,기?미흡(?울?위?등급평가),?어??64,?선???수?전??,,,
3070000,2001,98,20010601,20010630,20111114,?백집서?고깃집(?성???,?울?별???북??선교로 6-1 1?(?선??가),?울?별???북??선??가  20번?  1?3070000-101-1989-04066,?식,기?미흡(?울?위?등급평가),?구탕,56.94,?선???수?전??,,
3070000,2001,98,20010601,20010630,20111114,(?길품?프?비(?울고깃?,?울?별???북??선교로 6-1 1?(?선??가),?울?별???북??선??가  20번?  1?3070000-101-1989-04066,?식,기?미흡(?울?위?등급평가),?구탕,56.94,?선???수?전??,,
3070000,2001,98,20010601,20010630,20111114,(?길품?프?비(?울고깃?,?울?별???북??선교로 6-1 1?(?선??가),?울?별???북??선??가  20번?  1?3070000-101-1989-04066,?식,기?미흡(?울?위?등급평가),?구탕,56.94,?선???수?전??,,
3070000,2001,98,20010601,20010630,20111114,?선,?울?별???북??선교로 6-1 1?(?선??가),?울?별???북??선??가  20번?  1?3070000-101-1989-04066,?식,기?미흡(?울?위?등급평가),?구탕,56.94,?선???수?전??,,
3070000,2001,98,20010601,20010630,20111114,?선,?울?별???북??선교로 6-1 1?(?선??가),?울?별???북??선??가  20번?  1?3070000-101-1989-04066,?식,기?미흡(?울?위?등급평가),?구탕,56.94,?선???수?전??,,
3070000,2001,98,20010601,20010630,20111114,?선,?울?별???북??선교로 6-1 1?(?선??가),?울?별???북??선??가  20번?  1?3070000-101-1989-04066,?식,기?미흡(?울?위?등급평가),?구탕,56.94,?선???수?전??,,
3070000,2001,98,20010601,20010630,20111114,(?길품?프?비(?백집서?고깃집 ?성???,?울?별???북??선교로 6-1 1?(?선??가),?울?별???북??선??가  20번?  1?3070000-101-1989-04066,?식,기?미흡(?울?위?등급평가),?구탕,56.94,?선???수?전??,,
3070000,2001,98,20010601,20010630,20111114,?백집서?고깃집(?성???,?울?별???북??선교로 6-1 1?(?선??가),?울?별???북??선??가  20번?  1?3070000-101-1989-04066,?식,기?미흡(?울?위?등급평가),?구탕,56.94,?선???수?전??,,
3070000,2008,804,20080829,20080829,20100910,?달?돈까스,?울?별???북??소문로20가?4 (?선??가),?울?별???북??선??가  2번? 9?? ,3070000-101-2005-00339,경양??지?승??선초밥,146.52,?선???수?전??,,,
3070000,2009,907,20090605,20090727,20100727,???랑,?울?별???북?종암?129 (종암??2?),?울?별???북?종암?? 3번? 1342?? (2?,3070000-101-2008-00085,?식,모범?식??기? 미흡,???포??82.37,종암???수?전??,,
3070000,2006,5,20060614,20060818,20100727,광명?산,?울?별???북??소문로 125 (?선??가???? 골든???03104??,?울?별???북??선??가  111번? 1?? ???? 골든???03104??3070000-101-2005-00228,?집,모범?식??기? 미흡,?어??218.68,?선???수?전??,,,
3070000,2009,908,20090605,20090727,20100727,종암?당,,?울?별???북?종암?? 124번? 46?? ,3070000-101-2007-00116,?식,모범?식??기? 미흡,갈치조림,134,종암???수?전??,
3070000,2009,916,20090605,20090727,20100106,?천????울?별???북??소문로20?41 (?선??가),?울?별???북??선??가  76번?  ,3070000-101-2006-00124,?식,?업???승??바???64,?선???수?전??,,,,
3070000,2008,7129,20080701,20080701,20090727,?금?설?탕,?울?별???북?종암?2?7 (종암???,?울?별???북?종암?? 3번? 1235?? 1?3070000-101-2000-10395,?식,기?미흡,,161,종암???수?전??,,
3070000,2003,6,20030825,20030825,20090727,??촌맷?할매숨??,?울?별???북??암?43 (?암??가),?울?별???북??암??가  110번? 135?? ,3070000-101-1993-00125,?식,기?미흡,?두부,275.6,?암???수?전??,
3070000,2008,7130,20080701,20080701,20090727,?조?드리장?순???울?별???북??패?로 22 (?월곡동),?울?별???북??월곡동  62번? 4?? ,3070000-101-2007-00346,?식,?업?정,,120.46,?곡?????수?전??,,
3070000,2003,6,20030825,20030825,20090727,??촌맷?할매숨??,?울?별???북??암?43 (?암??가),?울?별???북??암??가  110번? 135?? ,3070000-101-1993-00125,?식,기?미흡,?두부,275.6,?암???수?전??,
3070000,2008,7130,20080701,20080701,20090727,?조?드리장?순???울?별???북??패?로 22 (?월곡동),?울?별???북??월곡동  62번? 4?? ,3070000-101-2007-00346,?식,?업?정,,120.46,?곡?????수?전??,,
3070000,2004,15,20040707,20040707,20080829,100?설?탕,?울?별???북??선교로 38 (?선??가),?울?별???북??선??가  38번?  ,3070000-101-1995-05787,?식,지?승??렁??47.6,?선???수?전??,,,
3070000,2001,132,20010601,20010630,20080728,?수???울?별???북?보문?3?길 15 (보문??가),?울?별???북?보문??가  94번? 2?? ,3070000-101-1994-00383,?식,지?승???갈비,89.6,보문???수?전??,,,
3070000,2001,12,20010601,20010630,20071112,?문,?울?별???북?종암?1?15 (종암??,?울?별???북?종암?? 85번? 8?? ,3070000-101-1996-02204,?식,기?미흡,?갈?105.6,종암???수?전??,,
3070000,2004,18,20040707,20040707,20071112,?쉬마루,?울?별???북??랑?0?53 (????,?울?별???북????? 168번? 11?? ,3070000-101-2003-00011,?집,기?미흡,?어??92.4,?????수?전??,,
3070000,2002,3,20021119,20021119,20071112,?마?의 ?차,?울?별???북?종암?107 (종암??,?울?별???북?종암?? 87번? 3?? ,3070000-101-1990-02999,경양??기?미흡,?식,101.97,종암???수?전??,,
3070000,2004,43,20040707,20040707,20071112,??꽃?무???울?별???북??랑?9?73 (?위??,?울?별???북??위?? 68번? 1312?? ,3070000-101-1995-05649,?식,기?미흡,?겹?구??66.3,?위?????수?전??,,,
3070000,2005,7,20050714,20050914,20071112,?락,?울?별???북?지봉로24?3 (보문??가),?울?별???북?보문??가  108번?  ,3070000-101-2004-00595,?식,기?미흡,?겹??54.45,보문???수?전??,,
3070000,2004,18,20040707,20040707,20071112,?쉬마루,?울?별???북??랑?0?53 (????,?울?별???북????? 168번? 11?? ,3070000-101-2003-00011,?집,기?미흡,?어??92.4,?????수?전??,,
3070000,2001,67,20010601,20010630,20071112,?한가???울?별???북??선교로 40 1?(?선??가),?울?별???북??선??가  123번?  1?3070000-101-1993-00239,?식,기?미흡,불고?109.76,?선???수?전??,,,,
3070000,2004,43,20040707,20040707,20071112,?둥?네고기??울?별???북??랑?9?73 (?위??,?울?별???북??위?? 68번? 1312?? ,3070000-101-1995-05649,?식,기?미흡,?겹?구??66.3,?위?????수?전??,,,
3070000,2004,51,20040707,20040707,20071112,?금?설?탕,?울?별???북?종암?2?7 (종암???,?울?별???북?종암?? 3번? 1235?? 1?3070000-101-2000-10395,?식,기?미흡,??갈비,161,종암???수?전??,,
3070000,2006,9,20060614,20060818,20071112,?홍?고기전문점,?울?별???북??선교로 75 (?선??가),?울?별???북??선??가  311번?  ,3070000-101-1996-09648,?식,취소?구,꽃등??98.57,?선???수?전??,,
3070000,2001,105,20010601,20010630,20071112,?소?골?? ?곡??,?울?별???북??랑?102 (?월곡동),?울?별???북??월곡동  16번? 3?? ,3070000-101-1995-02728,중국??기?미흡,?장?98.3,?곡?????수?전??,,,
3070000,2004,37,20040707,20040707,20071112,?원추어???울?별???북??곶?로28?10 (?위??,?울?별???북??위?? 63번? 134?? ,3070000-101-1980-01445,?류(보신??,기?미흡,추어??86.9,?위?????수?전??,,,
3070000,2001,87,20010601,20010630,20071112,??????,?울?별???북????? 183번? 4?? 5,3070000-101-1996-04187,?집,기?미흡,?어??79.81,?????수?전??,,,
3070000,2001,102,20010601,20010630,20071112,고려???울?별???북??암?69-1 (?암??가),?울?별???북??암??가  134번? 35?? ,3070000-101-1985-02675,중국??기?미흡,?장?202.34,?암???수?전??,,,,
3070000,2004,43,20040707,20040707,20071112,??꽃?무???울?별???북??랑?9?73 (?위??,?울?별???북??위?? 68번? 1312?? ,3070000-101-1995-05649,?식,기?미흡,?겹?구??66.3,?위?????수?전??,,,
3070000,2004,32,20040707,20040707,20071112,?원추어???울?별???북??위?93 (?위??,?울?별???북??위?? 232번? 141?? ,3070000-101-2002-00248,?류(보신??,기?미흡,추어??49.5,?위?????수?전??,,,
3070000,2001,102,20010601,20010630,20071112,고려???울?별???북??암?69-1 (?암??가),?울?별???북??암??가  134번? 35?? ,3070000-101-1985-02675,중국??기?미흡,?장?202.34,?암???수?전??,,,,
3070000,2006,13,20060615,20060818,20071112,구?가,?울?별???북??월?136 (?위??,?울?별???북??위?? 237번? 11?? ,3070000-101-2004-00056,?식,기?미흡,백숙,154.28,?위?????수?전??,
3070000,2004,43,20040707,20040707,20071112,?둥?네고기??울?별???북??랑?9?73 (?위??,?울?별???북??위?? 68번? 1312?? ,3070000-101-1995-05649,?식,기?미흡,?겹?구??66.3,?위?????수?전??,,,
3070000,2003,18,20030825,20030825,20071112,?천 ??면,?울?별???북?종암?160 (?월곡동),?울?별???북??월곡동  90번? 211?? ,3070000-101-2001-11517,?식,기?미흡,칡냉?48.36,?곡?????수?전??,,
3070000,2001,46,20010601,20010630,20061218,?해 ?칼?,?울?별???북??월??112 (?월곡동),?울?별???북??월곡동  20번? 2?? ,3070000-101-1997-04195,?식,?업???승?갈매기살,99.09,?곡?????수?전??,,
3070000,2001,138,20010601,20010630,20061204,금테?른구공???울?별???북??곡??63 (종암??,?울?별???북?종암?? 3번? 90?? ,3070000-101-1990-01460,?식,?업???승???갈비,107.87,종암???수?전??,,,
3070000,2006,3,20060615,20060818,20060901,?날?장,?울?별???북??소문로 325 (길음??,?울?별???북?길음?? 21번?  ,3070000-101-2004-00635,?식,?정처분(?업??),??갈비,226.05,길음?????수?전??,
3070000,2001,84,20010601,20010630,20060818,?,?울?별???북??랑?1?64 (?월곡동),?울?별???북??월곡동  7번? 119?? ,3070000-101-1990-09360,?식,기?미흡,?구탕,92.39,?곡?????수?전??,
3070000,2004,36,20040707,20040707,20060818,무교?낙지.?초?라,?울?별???북??랑?255-3 (?위??,?울?별???북??위?? 63번? 107?? ,3070000-101-1991-01581,?식,기?미흡,??볶음,87.53,?위?????수?전??,
3070000,2001,18,20010601,20010630,20060818,?성?당,?울?별???북??랑?3?38 (?위??,?울?별???북??위?? 66번? 13?? ,3070000-101-1993-01372,?식,기?미흡,?골??51.65,?위?????수?전??,,
3070000,2001,118,20010601,20010630,20060818,?야(YAYA),?울?별???북??랑?103 (?월곡동17-9),?울?별???북??월곡동  17번? 1?? 17-9,3070000-101-1983-02849,기?,주류?주?매?소,?식,92.24,?곡?????수?전??,
3070000,2002,11,20020607,20020607,20060818,바다???울?별???북?보국문로 150 (?릉??,?울?별???북??릉?? 800번? 75?? ,3070000-101-1993-00115,?류(보신??,기?미흡,?물??88.79,?릉?????수?전??,,,
3070000,2001,33,20010601,20010630,20060818,?천골양?이?태?리?문???울?별???북??천?8?71 ?우빌딩 3?(????,?울?별???북????? 133번? 62?? ?우빌딩 3?3070000-101-1992-00734,?식,기?미흡,??갈비,146.2,?????수?전??,,,
3070000,2001,33,20010601,20010630,20060818,?천골양?이?태?리?문???울?별???북??천?6?56 (????,?울?별???북????? 119번? 3?? ,3070000-101-1992-00734,?식,기?미흡,??갈비,146.2,?????수?전??,,
3070000,2001,136,20010601,20010630,20060818,?감???,?울?별???북?보국문로16?10 (?릉??,?울?별???북??릉?? 266번? 184?? ,3070000-101-1999-09470,?식,기?미흡,?겹??81.72,?릉?????수?전??,,
3070000,2001,136,20010601,20010630,20060818,?감???,?울?별???북?보국문로16?10 (?릉??,?울?별???북??릉?? 266번? 184?? ,3070000-101-1999-09470,?식,기?미흡,?겹??81.72,?릉?????수?전??,,
3070000,2001,136,20010601,20010630,20060818,곤??한?소머리? ?릉???울?별???북?보국문로16?10 (?릉??,?울?별???북??릉?? 266번? 184?? ,3070000-101-1999-09470,?식,기?미흡,?겹??81.72,?릉?????수?전??,,,
3070000,2001,136,20010601,20010630,20060818,곤??한?소머리? ?릉???울?별???북?보국문로16?10 (?릉??,?울?별???북??릉?? 266번? 184?? ,3070000-101-1999-09470,?식,기?미흡,?겹??81.72,?릉?????수?전??,,,
3070000,2001,136,20010601,20010630,20060818,?우??울?별???북?보국문로16?10 (?릉??,?울?별???북??릉?? 266번? 184?? ,3070000-101-1999-09470,?식,기?미흡,?겹??81.72,?릉?????수?전??,,,
3070000,2001,136,20010601,20010630,20060818,?우??울?별???북?보국문로16?10 (?릉??,?울?별???북??릉?? 266번? 184?? ,3070000-101-1999-09470,?식,기?미흡,?겹??81.72,?릉?????수?전??,,,
3070000,2001,84,20010601,20010630,20060818,?,?울?별???북??랑?1?64 (?월곡동),?울?별???북??월곡동  7번? 119?? ,3070000-101-1990-09360,?식,기?미흡,?구탕,92.39,?곡?????수?전??,
3070000,2003,15,20030825,20030825,20060818,?남????릉???울?별???북??릉?250 (?릉?외5??),?울?별???북??릉?? 465번? 1?? ????,3070000-101-2002-00330,?식,기?미흡,모듬??168.3,?릉????,,,
3070000,2001,131,20010601,20010630,20060811,??해?국,?울?별???북??릉?4?7 (?암?돈?현??파??블럭?동지???1??,?울?별???북??암?? 624번? 0?? ?암???파??블럭?동지???1??3070000-101-2000-10613,?류(보신??,?업???승??겹??127.82,?암?????수?전??,,,,
3070000,2004,29,20040707,20040707,20060529,?울?친,?울?별???북?고려??4?58-5 (102-104 106?? (?암??가),?울?별???북??암??가  104번? 6?? (102-104 106??,3070000-101-1994-06793,기?,?업???승??파게티,118.2,?암???수?전??,,
3070000,2004,29,20040707,20040707,20060529,?울?친,?울?별???북?고려??4?58-5 (102-104 106?? (?암??가),?울?별???북??암??가  104번? 6?? (102-104 106??,3070000-101-1994-06793,기?,?업???승??파게티,144.6,?암???수?전??,,
3070000,2004,29,20040707,20040707,20060529,?울?친,?울?별???북?고려??4?58-5 (102-104 106?? (?암??가),?울?별???북??암??가  104번? 6?? (102-104 106??,3070000-101-1994-06793,기?,?업???승??파게티,118.2,?암???수?전??,,
3070000,2004,29,20040707,20040707,20060529,?울?친,?울?별???북?고려??4?58-5 (102-104 106?? (?암??가),?울?별???북??암??가  104번? 6?? (102-104 106??,3070000-101-1994-06793,기?,?업???승??파게티,144.6,?암???수?전??,,
3070000,2001,149,20010601,20010630,20060316,?시?카??울?별???북??릉?255-4 1?(?릉??,?울?별???북??릉?? 161번? 5?? ,3070000-101-1999-09960,?식,?업???승??까??95.52,?릉?????수?전??,,,,
3070000,2004,28,20040707,20040707,20051111,?스?바다,?울?별???북??촌?6?45-4 (?암??가),?울?별???북??암??가  104번? 126?? ,3070000-101-2003-00218,?식,?정처분,??무???숙?삼?83.3,?암???수?전??,,
3070000,2004,28,20040707,20040707,20051111,?스?바다,?울?별???북??촌?6?45-4 (?암??가),?울?별???북??암??가  104번? 126?? ,3070000-101-2003-00218,?식,?정처분,??무???숙?삼?83.3,?암???수?전??,,
3070000,2004,28,20040707,20040707,20051111,?스?바다,?울?별???북??촌?6?45-4 (?암??가),?울?별???북??암??가  104번? 126?? ,3070000-101-2003-00218,?식,?정처분,??무???숙?삼?83.3,?암???수?전??,,
3070000,2004,28,20040707,20040707,20051111,춘자,?울?별???북??촌?6?45-4 (?암??가),?울?별???북??암??가  104번? 126?? ,3070000-101-2003-00218,?식,?정처분,??무???숙?삼?83.3,?암???수?전??,,
3070000,2004,28,20040707,20040707,20051111,춘자,?울?별???북??촌?6?45-4 (?암??가),?울?별???북??암??가  104번? 126?? ,3070000-101-2003-00218,?식,?정처분,??무???숙?삼?83.3,?암???수?전??,,
3070000,2004,28,20040707,20040707,20051111,춘자,?울?별???북??촌?6?45-4 (?암??가),?울?별???북??암??가  104번? 126?? ,3070000-101-2003-00218,?식,?정처분,??무???숙?삼?83.3,?암???수?전??,,
3070000,2003,7,20030825,20030825,20051020,?암?닭?마??울?별???북??암?71 (?암??가1?,?울?별???북??암??가  104번? 123?? 1?3070000-101-2003-00010,?류(보신??,?업???승??겹??109.1,?암???수?전??,,,,,
3070000,2003,7,20030825,20030825,20051020,?암?닭?마??울?별???북??암?71 (?암??가1?,?울?별???북??암??가  104번? 123?? 1?3070000-101-2003-00010,?류(보신??,?업???승??겹??109.1,?암???수?전??,,,,,
3070000,2001,11,20010601,20010630,20050914,?브??울?별???북?종암?2?21 (종암??22),?울?별???북?종암?? 3번? 221?? 222,3070000-101-1996-02240,?식,기?미흡,?갈?88,종암???수?전??,,,
3070000,2001,94,20010601,20010630,20050914,미?,?울?별???북?종암?1?37 1?(종암??,?울?별???북?종암?? 84번? 33?? ,3070000-101-1994-09568,?식,기?미흡,?선초밥,82.5,종암???수?전??,
3070000,2001,94,20010601,20010630,20050914,??당,?울?별???북?종암?37 (종암??7),?울?별???북?종암?? 25번? 56?? 57,3070000-101-1994-09568,?식,기?미흡,?선초밥,82.5,종암???수?전??,
3070000,2001,3,20010601,20010630,20050914,???정?식???울?별???북????66-1 1?(길음??,?울?별???북?길음?? 486번? 7?? ,3070000-101-1995-01988,?식,기?미흡,?겹??82.01,길음?????수?전??,,,
3070000,2004,8,20040707,20040707,20050914,금한???울?별???북?고려???100 1?(?선??가),?울?별???북??선??가  16번?  1?3070000-101-1998-02476,?식,기?미흡,?광굴비백반,62.22,?선???수?전??,,,
3070000,2003,4,20030208,20030208,20050914,?웨?트 커피,?울?별???북?보국문로16?2 (?릉??,?울?별???북??릉?? 281번? 3?? ,3070000-101-1996-02108,?식,기?미흡,추어??85.1,?릉?????수?전??,,
3070000,2004,33,20040707,20040707,20050914,???당,?울?별???북??월?79 (?위??,?울?별???북??위?? 233번? 37?? ,3070000-101-1989-01361,?식,?오?품?매,??갈비,83.24,?위?????수?전??,
3070000,2004,8,20040707,20040707,20050914,??단??울?별???북?고려???100 1?(?선??가),?울?별???북??선??가  16번?  1?3070000-101-1998-02476,?식,기?미흡,?광굴비백반,62.22,?선???수?전??,,,
3070000,2001,94,20010601,20010630,20050914,??당,?울?별???북?종암?1?37 1?(종암??,?울?별???북?종암?? 84번? 33?? ,3070000-101-1994-09568,?식,기?미흡,?선초밥,82.5,종암???수?전??,
3070000,2001,103,20010601,20010630,20050914,?산??울?별???북??샘?4?63 (?릉??,?울?별???북??릉?? 258번? 35?? ,3070000-101-1996-02744,중국??배달?문,?장?49.5,?릉?????수?전??,,,,
3070000,2001,94,20010601,20010630,20050914,미?,?울?별???북?종암?37 (종암??7),?울?별???북?종암?? 25번? 56?? 57,3070000-101-1994-09568,?식,기?미흡,?선초밥,82.5,종암???수?전??,
3070000,2004,8,20040707,20040707,20050914,금한???울?별???북?고려???100 1?(?선??가),?울?별???북??선??가  16번?  1?3070000-101-1998-02476,?식,기?미흡,?광굴비백반,62.22,?선???수?전??,,,
3070000,2004,8,20040707,20040707,20050914,??단??울?별???북?고려???100 1?(?선??가),?울?별???북??선??가  16번?  1?3070000-101-1998-02476,?식,기?미흡,?광굴비백반,62.22,?선???수?전??,,,
3070000,2001,104,20010601,20010630,20050914,?끼(?신????,,?울?별???북??선??가  79번?  ,3070000-101-1994-09425,중국??기?미흡,?장?114.8,?선???수?전??,,,
3070000,2001,66,20010601,20010630,20050829,고려?방?계???울?별???북??선교로 84 1?(?선??가),?울?별???북??선??가  26번?  ,3070000-101-1977-00957,?류(보신??,?업???승??계??92.89,?선???수?전??,,,,
3070000,2004,5,20040707,20040707,20050630,?울??마리,?울?별???북?길음?2 (길음??,?울?별???북?길음?? 530번? 17?? ,3070000-101-1995-05775,?식,?업???승??까??63.76,길음?????수?전??,,,
3070000,2001,125,20010601,20010630,20050610,?조??조감자??신?????울?별???북?보문?4?43 (?선??가),?울?별???북??선??가  49번? 0?? ,3070000-101-1999-09224,?식,?업???승??겹??115,?선???수?전??,,,,
3070000,2001,134,20010601,20010630,20050527,?평?식???울?별???북?보국문로16?74-1 (?릉??70-7976-2342),?울?별???북??릉?? 258번? 17?? 270-7976-2342,3070000-101-1996-02146,?식,?업???승??선매운??109.59,?릉?????수?전??,,,,
3070000,2002,10,20020607,20020607,20050419,곤??소머리?,?울?별???북?보문?141-2 1?(보문??가),?울?별???북?보문??가  3번? 7?? 1?3070000-101-2001-11038,?식,?업???승?추어??82.5,보문???수?전??,,,,
3070000,2004,20,20040707,20040707,20050419,?웃?촌,?울?별???북??랑?280 (????,?울?별???북????? 220번? 1?? ,3070000-101-2003-00731,?식,?업???승??정??828.35,?????수?전??,,,
3070000,2002,10,20020607,20020607,20050419,?날참숯?로구이,?울?별???북??샘?5 (?릉??,?울?별???북??릉?? 674번? 8?? ,3070000-101-2001-11038,?식,?업???승?추어??82.5,?릉?????수?전??,,,
3070000,2002,10,20020607,20020607,20050419,?날참숯?로구이,?울?별???북??샘?5 (?릉??,?울?별???북??릉?? 674번? 8?? ,3070000-101-2001-11038,?식,?업???승?추어??50.05,?릉?????수?전??,,,
3070000,2002,10,20020607,20020607,20050419,?날참숯?로구이,?울?별???북?보문?141-2 1?(보문??가),?울?별???북?보문??가  3번? 7?? 1?3070000-101-2001-11038,?식,?업???승?추어??82.5,보문???수?전??,,,,
3070000,2002,10,20020607,20020607,20050419,?날참숯?로구이,?울?별???북?보문?141-2 1?(보문??가),?울?별???북?보문??가  3번? 7?? 1?3070000-101-2001-11038,?식,?업???승?추어??50.05,보문???수?전??,,,,
3070000,2002,10,20020607,20020607,20050419,?날참숯?로구이,?울?별???북??샘?5 (?릉??,?울?별???북??릉?? 674번? 8?? ,3070000-101-2001-11038,?식,?업???승?추어??82.5,?릉?????수?전??,,,
3070000,2002,10,20020607,20020607,20050419,?날참숯?로구이,?울?별???북??샘?5 (?릉??,?울?별???북??릉?? 674번? 8?? ,3070000-101-2001-11038,?식,?업???승?추어??50.05,?릉?????수?전??,,,
3070000,2002,10,20020607,20020607,20050419,?날참숯?로구이,?울?별???북?보문?141-2 1?(보문??가),?울?별???북?보문??가  3번? 7?? 1?3070000-101-2001-11038,?식,?업???승?추어??82.5,보문???수?전??,,,,
3070000,2002,10,20020607,20020607,20050419,?날참숯?로구이,?울?별???북?보문?141-2 1?(보문??가),?울?별???북?보문??가  3번? 7?? 1?3070000-101-2001-11038,?식,?업???승?추어??50.05,보문???수?전??,,,,
3070000,2002,10,20020607,20020607,20050419,?날참숯?로구이,?울?별???북??샘?5 (?릉??,?울?별???북??릉?? 674번? 8?? ,3070000-101-2001-11038,?식,?업???승?추어??82.5,?릉?????수?전??,,,
3070000,2002,10,20020607,20020607,20050419,?날참숯?로구이,?울?별???북??샘?5 (?릉??,?울?별???북??릉?? 674번? 8?? ,3070000-101-2001-11038,?식,?업???승?추어??50.05,?릉?????수?전??,,,
3070000,2002,10,20020607,20020607,20050419,?날참숯?로구이,?울?별???북?보문?141-2 1?(보문??가),?울?별???북?보문??가  3번? 7?? 1?3070000-101-2001-11038,?식,?업???승?추어??82.5,보문???수?전??,,,,
3070000,2002,10,20020607,20020607,20050419,?날참숯?로구이,?울?별???북?보문?141-2 1?(보문??가),?울?별???북?보문??가  3번? 7?? 1?3070000-101-2001-11038,?식,?업???승?추어??50.05,보문???수?전??,,,,
3070000,2002,10,20020607,20020607,20050419,?날참숯?로구이,?울?별???북??샘?5 (?릉??,?울?별???북??릉?? 674번? 8?? ,3070000-101-2001-11038,?식,?업???승?추어??82.5,?릉?????수?전??,,,
3070000,2002,10,20020607,20020607,20050419,?날참숯?로구이,?울?별???북??샘?5 (?릉??,?울?별???북??릉?? 674번? 8?? ,3070000-101-2001-11038,?식,?업???승?추어??50.05,?릉?????수?전??,,,
3070000,2002,10,20020607,20020607,20050419,?날참숯?로구이,?울?별???북?보문?141-2 1?(보문??가),?울?별???북?보문??가  3번? 7?? 1?3070000-101-2001-11038,?식,?업???승?추어??82.5,보문???수?전??,,,,
3070000,2002,10,20020607,20020607,20050419,?날참숯?로구이,?울?별???북?보문?141-2 1?(보문??가),?울?별???북?보문??가  3번? 7?? 1?3070000-101-2001-11038,?식,?업???승?추어??50.05,보문???수?전??,,,,
3070000,2002,10,20020607,20020607,20050419,?릉?렁???울?별???북??샘?5 (?릉??,?울?별???북??릉?? 674번? 8?? ,3070000-101-2001-11038,?식,?업???승?추어??82.5,?릉?????수?전??,,,,
3070000,2002,10,20020607,20020607,20050419,?릉?렁???울?별???북??샘?5 (?릉??,?울?별???북??릉?? 674번? 8?? ,3070000-101-2001-11038,?식,?업???승?추어??50.05,?릉?????수?전??,,,,
3070000,2002,10,20020607,20020607,20050419,?릉?렁???울?별???북?보문?141-2 1?(보문??가),?울?별???북?보문??가  3번? 7?? 1?3070000-101-2001-11038,?식,?업???승?추어??82.5,보문???수?전??,,,,,
3070000,2002,10,20020607,20020607,20050419,?릉?렁???울?별???북?보문?141-2 1?(보문??가),?울?별???북?보문??가  3번? 7?? 1?3070000-101-2001-11038,?식,?업???승?추어??50.05,보문???수?전??,,,,,
3070000,2002,10,20020607,20020607,20050419,?릉?렁???울?별???북??샘?5 (?릉??,?울?별???북??릉?? 674번? 8?? ,3070000-101-2001-11038,?식,?업???승?추어??82.5,?릉?????수?전??,,,,
3070000,2002,10,20020607,20020607,20050419,?릉?렁???울?별???북??샘?5 (?릉??,?울?별???북??릉?? 674번? 8?? ,3070000-101-2001-11038,?식,?업???승?추어??50.05,?릉?????수?전??,,,,
3070000,2002,10,20020607,20020607,20050419,?릉?렁???울?별???북?보문?141-2 1?(보문??가),?울?별???북?보문??가  3번? 7?? 1?3070000-101-2001-11038,?식,?업???승?추어??82.5,보문???수?전??,,,,,
3070000,2002,10,20020607,20020607,20050419,?릉?렁???울?별???북?보문?141-2 1?(보문??가),?울?별???북?보문??가  3번? 7?? 1?3070000-101-2001-11038,?식,?업???승?추어??50.05,보문???수?전??,,,,,
3070000,2002,10,20020607,20020607,20050419,?릉?렁???울?별???북??샘?5 (?릉??,?울?별???북??릉?? 674번? 8?? ,3070000-101-2001-11038,?식,?업???승?추어??82.5,?릉?????수?전??,,,,
3070000,2002,10,20020607,20020607,20050419,?릉?렁???울?별???북??샘?5 (?릉??,?울?별???북??릉?? 674번? 8?? ,3070000-101-2001-11038,?식,?업???승?추어??50.05,?릉?????수?전??,,,,
3070000,2002,10,20020607,20020607,20050419,?릉?렁???울?별???북?보문?141-2 1?(보문??가),?울?별???북?보문??가  3번? 7?? 1?3070000-101-2001-11038,?식,?업???승?추어??82.5,보문???수?전??,,,,,
3070000,2002,10,20020607,20020607,20050419,?릉?렁???울?별???북?보문?141-2 1?(보문??가),?울?별???북?보문??가  3번? 7?? 1?3070000-101-2001-11038,?식,?업???승?추어??50.05,보문???수?전??,,,,,
3070000,2002,10,20020607,20020607,20050419,?릉?렁???울?별???북??샘?5 (?릉??,?울?별???북??릉?? 674번? 8?? ,3070000-101-2001-11038,?식,?업???승?추어??82.5,?릉?????수?전??,,,,
3070000,2002,10,20020607,20020607,20050419,?릉?렁???울?별???북??샘?5 (?릉??,?울?별???북??릉?? 674번? 8?? ,3070000-101-2001-11038,?식,?업???승?추어??50.05,?릉?????수?전??,,,,
3070000,2002,10,20020607,20020607,20050419,?릉?렁???울?별???북?보문?141-2 1?(보문??가),?울?별???북?보문??가  3번? 7?? 1?3070000-101-2001-11038,?식,?업???승?추어??82.5,보문???수?전??,,,,,
3070000,2002,10,20020607,20020607,20050419,?릉?렁???울?별???북?보문?141-2 1?(보문??가),?울?별???북?보문??가  3번? 7?? 1?3070000-101-2001-11038,?식,?업???승?추어??50.05,보문???수?전??,,,,,
3070000,2002,10,20020607,20020607,20050419,?릉?돈까스,?울?별???북??샘?5 (?릉??,?울?별???북??릉?? 674번? 8?? ,3070000-101-2001-11038,?식,?업???승?추어??82.5,?릉?????수?전??,,,
3070000,2002,10,20020607,20020607,20050419,?릉?돈까스,?울?별???북??샘?5 (?릉??,?울?별???북??릉?? 674번? 8?? ,3070000-101-2001-11038,?식,?업???승?추어??50.05,?릉?????수?전??,,,
3070000,2002,10,20020607,20020607,20050419,?릉?돈까스,?울?별???북?보문?141-2 1?(보문??가),?울?별???북?보문??가  3번? 7?? 1?3070000-101-2001-11038,?식,?업???승?추어??82.5,보문???수?전??,,,,
3070000,2002,10,20020607,20020607,20050419,?릉?돈까스,?울?별???북?보문?141-2 1?(보문??가),?울?별???북?보문??가  3번? 7?? 1?3070000-101-2001-11038,?식,?업???승?추어??50.05,보문???수?전??,,,,
3070000,2002,10,20020607,20020607,20050419,?릉?돈까스,?울?별???북??샘?5 (?릉??,?울?별???북??릉?? 674번? 8?? ,3070000-101-2001-11038,?식,?업???승?추어??82.5,?릉?????수?전??,,,
3070000,2002,10,20020607,20020607,20050419,?릉?돈까스,?울?별???북??샘?5 (?릉??,?울?별???북??릉?? 674번? 8?? ,3070000-101-2001-11038,?식,?업???승?추어??50.05,?릉?????수?전??,,,
3070000,2002,10,20020607,20020607,20050419,?릉?돈까스,?울?별???북?보문?141-2 1?(보문??가),?울?별???북?보문??가  3번? 7?? 1?3070000-101-2001-11038,?식,?업???승?추어??82.5,보문???수?전??,,,,
3070000,2002,10,20020607,20020607,20050419,?릉?돈까스,?울?별???북?보문?141-2 1?(보문??가),?울?별???북?보문??가  3번? 7?? 1?3070000-101-2001-11038,?식,?업???승?추어??50.05,보문???수?전??,,,,
3070000,2002,10,20020607,20020607,20050419,?릉?돈까스,?울?별???북??샘?5 (?릉??,?울?별???북??릉?? 674번? 8?? ,3070000-101-2001-11038,?식,?업???승?추어??82.5,?릉?????수?전??,,,
3070000,2002,10,20020607,20020607,20050419,?릉?돈까스,?울?별???북??샘?5 (?릉??,?울?별???북??릉?? 674번? 8?? ,3070000-101-2001-11038,?식,?업???승?추어??50.05,?릉?????수?전??,,,
3070000,2002,10,20020607,20020607,20050419,?릉?돈까스,?울?별???북?보문?141-2 1?(보문??가),?울?별???북?보문??가  3번? 7?? 1?3070000-101-2001-11038,?식,?업???승?추어??82.5,보문???수?전??,,,,
3070000,2002,10,20020607,20020607,20050419,?릉?돈까스,?울?별???북?보문?141-2 1?(보문??가),?울?별???북?보문??가  3번? 7?? 1?3070000-101-2001-11038,?식,?업???승?추어??50.05,보문???수?전??,,,,
3070000,2002,10,20020607,20020607,20050419,?릉?돈까스,?울?별???북??샘?5 (?릉??,?울?별???북??릉?? 674번? 8?? ,3070000-101-2001-11038,?식,?업???승?추어??82.5,?릉?????수?전??,,,
3070000,2002,10,20020607,20020607,20050419,?릉?돈까스,?울?별???북??샘?5 (?릉??,?울?별???북??릉?? 674번? 8?? ,3070000-101-2001-11038,?식,?업???승?추어??50.05,?릉?????수?전??,,,
3070000,2002,10,20020607,20020607,20050419,?릉?돈까스,?울?별???북?보문?141-2 1?(보문??가),?울?별???북?보문??가  3번? 7?? 1?3070000-101-2001-11038,?식,?업???승?추어??82.5,보문???수?전??,,,,
3070000,2002,10,20020607,20020607,20050419,?릉?돈까스,?울?별???북?보문?141-2 1?(보문??가),?울?별???북?보문??가  3번? 7?? 1?3070000-101-2001-11038,?식,?업???승?추어??50.05,보문???수?전??,,,,
3070000,2002,10,20020607,20020607,20050419,망고치즈?까???울?별???북??샘?5 (?릉??,?울?별???북??릉?? 674번? 8?? ,3070000-101-2001-11038,?식,?업???승?추어??82.5,?릉?????수?전??,,,,
3070000,2002,10,20020607,20020607,20050419,망고치즈?까???울?별???북??샘?5 (?릉??,?울?별???북??릉?? 674번? 8?? ,3070000-101-2001-11038,?식,?업???승?추어??50.05,?릉?????수?전??,,,,
3070000,2002,10,20020607,20020607,20050419,망고치즈?까???울?별???북?보문?141-2 1?(보문??가),?울?별???북?보문??가  3번? 7?? 1?3070000-101-2001-11038,?식,?업???승?추어??82.5,보문???수?전??,,,,,
3070000,2002,10,20020607,20020607,20050419,망고치즈?까???울?별???북?보문?141-2 1?(보문??가),?울?별???북?보문??가  3번? 7?? 1?3070000-101-2001-11038,?식,?업???승?추어??50.05,보문???수?전??,,,,,
3070000,2002,10,20020607,20020607,20050419,망고치즈?까???울?별???북??샘?5 (?릉??,?울?별???북??릉?? 674번? 8?? ,3070000-101-2001-11038,?식,?업???승?추어??82.5,?릉?????수?전??,,,,
3070000,2002,10,20020607,20020607,20050419,망고치즈?까???울?별???북??샘?5 (?릉??,?울?별???북??릉?? 674번? 8?? ,3070000-101-2001-11038,?식,?업???승?추어??50.05,?릉?????수?전??,,,,
3070000,2002,10,20020607,20020607,20050419,망고치즈?까???울?별???북?보문?141-2 1?(보문??가),?울?별???북?보문??가  3번? 7?? 1?3070000-101-2001-11038,?식,?업???승?추어??82.5,보문???수?전??,,,,,
3070000,2002,10,20020607,20020607,20050419,망고치즈?까???울?별???북?보문?141-2 1?(보문??가),?울?별???북?보문??가  3번? 7?? 1?3070000-101-2001-11038,?식,?업???승?추어??50.05,보문???수?전??,,,,,
3070000,2002,10,20020607,20020607,20050419,망고치즈?까???울?별???북??샘?5 (?릉??,?울?별???북??릉?? 674번? 8?? ,3070000-101-2001-11038,?식,?업???승?추어??82.5,?릉?????수?전??,,,,
3070000,2002,10,20020607,20020607,20050419,망고치즈?까???울?별???북??샘?5 (?릉??,?울?별???북??릉?? 674번? 8?? ,3070000-101-2001-11038,?식,?업???승?추어??50.05,?릉?????수?전??,,,,
3070000,2002,10,20020607,20020607,20050419,망고치즈?까???울?별???북?보문?141-2 1?(보문??가),?울?별???북?보문??가  3번? 7?? 1?3070000-101-2001-11038,?식,?업???승?추어??82.5,보문???수?전??,,,,,
3070000,2002,10,20020607,20020607,20050419,망고치즈?까???울?별???북?보문?141-2 1?(보문??가),?울?별???북?보문??가  3번? 7?? 1?3070000-101-2001-11038,?식,?업???승?추어??50.05,보문???수?전??,,,,,
3070000,2002,10,20020607,20020607,20050419,망고치즈?까???울?별???북??샘?5 (?릉??,?울?별???북??릉?? 674번? 8?? ,3070000-101-2001-11038,?식,?업???승?추어??82.5,?릉?????수?전??,,,,
3070000,2002,10,20020607,20020607,20050419,망고치즈?까???울?별???북??샘?5 (?릉??,?울?별???북??릉?? 674번? 8?? ,3070000-101-2001-11038,?식,?업???승?추어??50.05,?릉?????수?전??,,,,
3070000,2002,10,20020607,20020607,20050419,망고치즈?까???울?별???북?보문?141-2 1?(보문??가),?울?별???북?보문??가  3번? 7?? 1?3070000-101-2001-11038,?식,?업???승?추어??82.5,보문???수?전??,,,,,
3070000,2002,10,20020607,20020607,20050419,망고치즈?까???울?별???북?보문?141-2 1?(보문??가),?울?별???북?보문??가  3번? 7?? 1?3070000-101-2001-11038,?식,?업???승?추어??50.05,보문???수?전??,,,,,
3070000,2002,10,20020607,20020607,20050419,곤??소머리?,?울?별???북??샘?5 (?릉??,?울?별???북??릉?? 674번? 8?? ,3070000-101-2001-11038,?식,?업???승?추어??82.5,?릉?????수?전??,,,
3070000,2002,10,20020607,20020607,20050419,곤??소머리?,?울?별???북??샘?5 (?릉??,?울?별???북??릉?? 674번? 8?? ,3070000-101-2001-11038,?식,?업???승?추어??50.05,?릉?????수?전??,,,
3070000,2002,10,20020607,20020607,20050419,곤??소머리?,?울?별???북?보문?141-2 1?(보문??가),?울?별???북?보문??가  3번? 7?? 1?3070000-101-2001-11038,?식,?업???승?추어??50.05,보문???수?전??,,,,
3070000,2002,10,20020607,20020607,20050419,곤??소머리?,?울?별???북??샘?5 (?릉??,?울?별???북??릉?? 674번? 8?? ,3070000-101-2001-11038,?식,?업???승?추어??82.5,?릉?????수?전??,,,
3070000,2002,10,20020607,20020607,20050419,곤??소머리?,?울?별???북??샘?5 (?릉??,?울?별???북??릉?? 674번? 8?? ,3070000-101-2001-11038,?식,?업???승?추어??50.05,?릉?????수?전??,,,
3070000,2002,10,20020607,20020607,20050419,곤??소머리?,?울?별???북?보문?141-2 1?(보문??가),?울?별???북?보문??가  3번? 7?? 1?3070000-101-2001-11038,?식,?업???승?추어??82.5,보문???수?전??,,,,
3070000,2002,10,20020607,20020607,20050419,곤??소머리?,?울?별???북?보문?141-2 1?(보문??가),?울?별???북?보문??가  3번? 7?? 1?3070000-101-2001-11038,?식,?업???승?추어??50.05,보문???수?전??,,,,
3070000,2002,10,20020607,20020607,20050419,곤??소머리?,?울?별???북??샘?5 (?릉??,?울?별???북??릉?? 674번? 8?? ,3070000-101-2001-11038,?식,?업???승?추어??82.5,?릉?????수?전??,,,
3070000,2002,10,20020607,20020607,20050419,곤??소머리?,?울?별???북??샘?5 (?릉??,?울?별???북??릉?? 674번? 8?? ,3070000-101-2001-11038,?식,?업???승?추어??50.05,?릉?????수?전??,,,
3070000,2002,10,20020607,20020607,20050419,곤??소머리?,?울?별???북?보문?141-2 1?(보문??가),?울?별???북?보문??가  3번? 7?? 1?3070000-101-2001-11038,?식,?업???승?추어??82.5,보문???수?전??,,,,
3070000,2002,10,20020607,20020607,20050419,곤??소머리?,?울?별???북?보문?141-2 1?(보문??가),?울?별???북?보문??가  3번? 7?? 1?3070000-101-2001-11038,?식,?업???승?추어??50.05,보문???수?전??,,,,
3070000,2002,10,20020607,20020607,20050419,곤??소머리?,?울?별???북??샘?5 (?릉??,?울?별???북??릉?? 674번? 8?? ,3070000-101-2001-11038,?식,?업???승?추어??82.5,?릉?????수?전??,,,
3070000,2002,10,20020607,20020607,20050419,곤??소머리?,?울?별???북??샘?5 (?릉??,?울?별???북??릉?? 674번? 8?? ,3070000-101-2001-11038,?식,?업???승?추어??50.05,?릉?????수?전??,,,
3070000,2002,10,20020607,20020607,20050419,곤??소머리?,?울?별???북?보문?141-2 1?(보문??가),?울?별???북?보문??가  3번? 7?? 1?3070000-101-2001-11038,?식,?업???승?추어??82.5,보문???수?전??,,,,
3070000,2002,10,20020607,20020607,20050419,곤??소머리?,?울?별???북?보문?141-2 1?(보문??가),?울?별???북?보문??가  3번? 7?? 1?3070000-101-2001-11038,?식,?업???승?추어??50.05,보문???수?전??,,,,
3070000,2003,8,20030825,20030825,20050330,?찌??울?별???북??소문로20?37-11 1?(?선??가),?울?별???북??선??가  11번?  ,3070000-101-1997-07305,?식,?업???승???볶음,51.06,?선???수?전??,,,
3070000,2002,24,20020607,20020607,20050324,?보?현?미아???울?별???북??소문로 315 (길음?현?백화??,?울?별???북?길음?? 20번? 1?? ??백화??3070000-101-2001-11548,?식,?업???승?본까???점,177.36,길음?????수?전??,,,,
3070000,2001,32,20010601,20010630,20050311,?오리다?오??울?별???북??랑?0?41 (?????,?울?별???북????? 384번? 22?? 1?3070000-101-1995-01914,?식,?업???승???갈비,67.6,?????수?전??,,,,
3070000,2001,32,20010601,20010630,20050311,?오리다?오??울?별???북??랑?0?41 (?????,?울?별???북????? 384번? 22?? 1?3070000-101-1995-01914,?식,?업???승???갈비,67.6,?????수?전??,,,,
3070000,2004,27,20040707,20040707,20050304,쿠마(KUMA),?울?별???북?고려??6?9 1?(?암??가),?울?별???북??암??가  103번? 119?? 1?3070000-101-2002-00084,?닭(치킨),?업???승?갈비??141.9,?암??,,,,
3070000,2004,27,20040707,20040707,20050304,만남?광???울?별???북?고려??6?9 1?(?암??가),?울?별???북??암??가  103번? 119?? 1?3070000-101-2002-00084,?닭(치킨),?업???승?갈비??141.9,?암??,,,,,
3070000,2004,27,20040707,20040707,20050304,만남?광???울?별???북?고려??6?9 1?(?암??가),?울?별???북??암??가  103번? 119?? 1?3070000-101-2002-00084,?닭(치킨),?업???승?갈비??141.9,?암??,,,,,
3070000,2004,27,20040707,20040707,20050304,만남?광???울?별???북?고려??6?9 1?(?암??가),?울?별???북??암??가  103번? 119?? 1?3070000-101-2002-00084,?닭(치킨),?업???승?갈비??141.9,?암??,,,,,
3070000,2004,27,20040707,20040707,20050304,쿠마(KUMA),?울?별???북?고려??6?9 1?(?암??가),?울?별???북??암??가  103번? 119?? 1?3070000-101-2002-00084,?닭(치킨),?업???승?갈비??141.9,?암??,,,,
3070000,2004,27,20040707,20040707,20050304,쿠마(KUMA),?울?별???북?고려??6?9 1?(?암??가),?울?별???북??암??가  103번? 119?? 1?3070000-101-2002-00084,?닭(치킨),?업???승?갈비??141.9,?암??,,,,
3070000,2001,139,20010601,20010630,20050228,채화???,?울?별???북??패?로3?9 (?월곡동),?울?별???북??월곡동  90번? 2062?? ,3070000-101-2000-10652,?식,?업???승?갈비,294.67,?곡?????수?전??,,
3070000,2001,139,20010601,20010630,20050228,채화???울?별???북??패?로3?9 (?월곡동),?울?별???북??월곡동  90번? 2062?? ,3070000-101-2000-10652,?식,?업???승?갈비,294.67,?곡?????수?전??,,,
3070000,2001,111,20010601,20010630,20050223,보보,?울?별???북??계?172 ?산빌딩 7?(?위??,?울?별???북??위?? 218번? 32?? 지???3070000-101-1998-04038,경양???업???승??까??176.44,?위?????수?전??,,,,,
3070000,2001,111,20010601,20010630,20050223,BOBO & Bon appetit(보보 & 보네?따),?울?별???북??계?172 ?산빌딩 7?(?위??,?울?별???북??위?? 218번? 32?? 지???3070000-101-1998-04038,경양???업???승??까??176.44,?위?????수?전??,,,,,
3070000,2001,111,20010601,20010630,20050223,BOBO & Bon appetit(보보 & 보네?따),?울?별???북??계?172 ?산빌딩 7?(?위??,?울?별???북??위?? 218번? 32?? 지???3070000-101-1998-04038,경양???업???승??까??176.44,?위?????수?전??,,,,,
3070000,2001,111,20010601,20010630,20050223,보보,?울?별???북??계?172 ?산빌딩 7?(?위??,?울?별???북??위?? 218번? 32?? 지???3070000-101-1998-04038,경양???업???승??까??176.44,?위?????수?전??,,,,,
3070000,2003,28,20030825,20030825,20050207,????숯불꼬??울?별???북??위?90 (?위??,?울?별???북??위?? 233번? 231?? ,3070000-101-2002-00547,?식,?업???승???갈비,76.2,?위?????수?전??,,,
3070000,2004,7,20040707,20040707,20041117,꽃돼지갤러리성?여????울?별???북??소문로20가?36 (?선??가),?울?별???북??선??가  92번? 10?? ,3070000-101-1983-00753,중국???업???승??겹??97.31,?선???수?전??,,,,,
3070000,2004,7,20040707,20040707,20041117,꽃돼지갤러리성?여????울?별???북??소문로20가?36 (?선??가),?울?별???북??선??가  92번? 10?? ,3070000-101-1983-00753,중국???업???승??겹??97.31,?선???수?전??,,,,,
3070000,2001,77,20010601,20010630,20041111,?????울?별???북??양?26 (길음??,?울?별???북?길음?? 1079번? 0?? ,3070000-101-1999-09907,?식,?정처분,?어구이,117.24,길음?????수?전??,,
3070000,2001,107,20010601,20010630,20041108,?강껍데??신?????울?별???북?보문?0?29 1?(?선??가),?울?별???북??선??가  52번?  ,3070000-101-1997-02803,기?,?업???승??장?46.28,?선???수?전??,,,,
3070000,2004,45,20040707,20040707,20041104,?집?겹???울?별???북??곶?로 117 (?위??,?울?별???북??위?? 69번? 34?? ,3070000-101-1989-01154,?집,?업???승???갈비,57.78,?위?????수?전??,,,
3070000,2004,9,20040707,20040707,20041103,?식???울?별???북?보문?2?31 (?선??가),?울?별???북??선??가  2번? 3?? ,3070000-101-1998-02551,?국?식?문???도?국??,?업???승??겹??85.72,?선???수?전??,,,,
3070000,2004,9,20040707,20040707,20041103,갤러리카?테르틴,?울?별???북?보문?2?31 (?선??가),?울?별???북??선??가  2번? 3?? ,3070000-101-1998-02551,?국?식?문???도?국??,?업???승??겹??85.72,?선???수?전??,,,
3070000,2004,9,20040707,20040707,20041103,갤러리카?테르틴,?울?별???북?보문?2?31 (?선??가),?울?별???북??선??가  2번? 3?? ,3070000-101-1998-02551,?국?식?문???도?국??,?업???승??겹??85.72,?선???수?전??,,,
3070000,2004,9,20040707,20040707,20041103,?식???울?별???북?보문?2?31 (?선??가),?울?별???북??선??가  2번? 3?? ,3070000-101-1998-02551,?국?식?문???도?국??,?업???승??겹??85.72,?선???수?전??,,,,
3070000,2002,22,20020607,20020607,20041013,?꼬??,?울?별???북??선??가  346번? 0?? ,3070000-101-2001-11348,?집,?업???승???174.63,?선??,,,,
3070000,2001,158,20010601,20010630,20040915,?드카페?그??울?별???북?북악?로 637 (?북??45-117),?울?별???북??북?? ??5번? 1?? 145-117,3070000-101-1998-03996,기?,?업???승??까??109.59,?북???수?전??,,,,
3070000,2003,20,20030825,20030825,20040907,?번지?육?당 ?곶?점,?울?별???북??랑?254 (????,?울?별???북????? 242번? 1?? ,3070000-101-2003-00060,?식,?업???승???갈비,128.7,?????수?전??,,
3070000,2004,42,20040707,20040707,20040820,????기 ?볶???울?별???북??랑?3?39 (?위??3-14414566-8366368),?울?별???북??위?? 66번? 9?? 63-14414566-8366368,3070000-101-1996-09637,?식,?업???승?광어??61.02,?위?????수?전??,,,,
3070000,2003,17,20030825,20030825,20040223,갈비명??상(길음??),?울?별???북??릉?395 (?월곡동),?울?별???북??월곡동  221번?  ,3070000-101-2002-00588,?식,?업???승??갈?1440.23,?곡?????수?전??,,,
3070000,2001,101,20010601,20010630,20040109,?성,?울?별???북??촌?7?6 2?(?암??가),?울?별???북??암??가  100번? 5?? 2?3070000-101-1996-02112,중국???업???승??장?85.45,?암???수?전??,,,,,
3070000,2001,101,20010601,20010630,20040109,?성,?울?별???북??촌?7?6 2?(?암??가),?울?별???북??암??가  100번? 5?? 2?3070000-101-1996-02112,중국???업???승??장?85.45,?암???수?전??,,,,,
3070000,2001,101,20010601,20010630,20040109,콜렉?보 ?암?성???울?별???북??촌?7?6 2?(?암??가),?울?별???북??암??가  100번? 5?? 2?3070000-101-1996-02112,중국???업???승??장?85.45,?암???수?전??,,,,,,
3070000,2001,101,20010601,20010630,20040109,콜렉?보 ?암?성???울?별???북??촌?7?6 2?(?암??가),?울?별???북??암??가  100번? 5?? 2?3070000-101-1996-02112,중국???업???승??장?85.45,?암???수?전??,,,,,,
3070000,2001,19,20010601,20010630,20031212,?집?겹???울?별???북??곶?로 117 (?위??,?울?별???북??위?? 69번? 34?? ,3070000-101-1989-01154,?집,?업???승???갈비,57.78,?위?????수?전??,,,
3070000,2001,27,20010601,20010630,20031015,?통만두??울?별???북??촌??67 (?암??가),?울?별???북??암??가  99번?  ,3070000-101-1996-02198,?식,?업???승?만두?98.09,?암???수?전??,,,,
3070000,2001,79,20010601,20010630,20031001,무교?낙지.?초?라,?울?별???북??랑?255-3 (?위??,?울?별???북??위?? 63번? 107?? ,3070000-101-1991-01581,?식,?업???승???갈비,87.53,?위?????수?전??,,
3070000,2001,83,20010601,20010630,20030528,?원추어???울?별???북??곶?로28?10 (?위??,?울?별???북??위?? 63번? 134?? ,3070000-101-1980-01445,?류(보신??,?업???승?매운??86.9,?위?????수?전??,,,,
3070000,2001,123,20010601,20010630,20030526,1943 ?신?????울?별???북??소문로20가?24 (?선??가),?울?별???북??선??가  99번? 0?? 지???3070000-101-1999-09364,기?,?업???승??까??154.44,?선???수?전??,,,,,
3070000,2001,123,20010601,20010630,20030526,?끼반자???울?별???북??소문로20가?24 (?선??가),?울?별???북??선??가  99번? 0?? 지???3070000-101-1999-09364,기?,?업???승??까??154.44,?선???수?전??,,,,,
3070000,2001,123,20010601,20010630,20030526,?끼반자???울?별???북??소문로20가?24 (?선??가),?울?별???북??선??가  99번? 0?? 지???3070000-101-1999-09364,기?,?업???승??까??154.44,?선???수?전??,,,,,
3070000,2001,123,20010601,20010630,20030526,1943 ?신?????울?별???북??소문로20가?24 (?선??가),?울?별???북??선??가  99번? 0?? 지???3070000-101-1999-09364,기?,?업???승??까??154.44,?선???수?전??,,,,,
3070000,2001,37,20010601,20010630,20030522,?방??마리,?울?별???북??천?8?63 (????,?울?별???북????? 133번? 74?? ,3070000-101-1998-09445,?식,?업???승??제?66,?????수?전??,,,
3070000,2001,137,20010601,20010630,20030507,?금?설?탕,?울?별???북?종암?2?7 (종암???,?울?별???북?종암?? 3번? 1235?? 1?3070000-101-2000-10395,?식,?업???승?갈비,161,종암???수?전??,,,
3070000,2001,89,20010601,20010630,20030208,?웨?트 커피,?울?별???북?보국문로16?2 (?릉??,?울?별???북??릉?? 281번? 3?? ,3070000-101-1996-02108,?식,?업???승?추어??85.1,?릉?????수?전??,,,
3070000,2001,17,20010601,20010630,20021217,메???울?별???북??랑?5?17 (?월곡동),?울?별???북??월곡동  7번? 153?? ,3070000-101-1993-00289,?식,?업???승?만두?97.15,?곡?????수?전??,,,,
3070000,2001,17,20010601,20010630,20021217,메???울?별???북??랑?5?17 (?월곡동),?울?별???북??월곡동  7번? 153?? ,3070000-101-1993-00289,?식,?업???승?만두?97.15,?곡?????수?전??,,,,
3070000,2001,120,20010601,20010630,20021119,?마?의 ?차,?울?별???북?종암?107 (종암??,?울?별???북?종암?? 87번? 3?? ,3070000-101-1990-02999,경양???업???승??식,101.97,종암???수?전??,,,
3070000,2001,26,20010601,20010630,20021114,??촌맷?할매숨??,?울?별???북??암?43 (?암??가),?울?별???북??암??가  110번? 135?? ,3070000-101-1993-00125,?식,?업???승?갈비,275.6,?암???수?전??,,
3070000,2001,26,20010601,20010630,20021114,??촌맷?할매숨??,?울?별???북??암?43 (?암??가),?울?별???북??암??가  110번? 135?? ,3070000-101-1993-00125,?식,?업???승?갈비,275.6,?암???수?전??,,
3070000,2001,36,20010601,20010630,20021016,조마루뼈???문???울?별???북??랑?262 (????,?울?별???북????? 238번? 4?? ,3070000-101-1991-04063,?식,?정처분(?업??),?류,95.3,?????수?전??,,
